{
  "$ref": "#/definitions/exercises",
  "definitions": {
    "exercises": {
      "type": "object",
      "properties": {
        "title": {
          "type": "string"
        },
        "lesson_slug": {
          "type": "string"
        },
        "type": {
          "type": "string",
          "enum": [
            "quiz",
            "fill-blank",
            "translation",
            "listening"
          ]
        },
        "difficulty": {
          "type": "string",
          "enum": [
            "facile",
            "moyen",
            "difficile"
          ]
        },
        "questions": {
          "type": "array",
          "items": {
            "type": "object",
            "properties": {
              "question": {
                "type": "string"
              },
              "options": {
                "type": "array",
                "items": {
                  "type": "string"
                }
              },
              "correct_answer": {
                "type": "string"
              },
              "explanation": {
                "type": "string"
              }
            },
            "required": [
              "question",
              "correct_answer"
            ],
            "additionalProperties": false
          }
        },
        "$schema": {
          "type": "string"
        }
      },
      "required": [
        "title",
        "lesson_slug",
        "type",
        "difficulty",
        "questions"
      ],
      "additionalProperties": false
    }
  },
  "$schema": "http://json-schema.org/draft-07/schema#"
}