{
  "$ref": "#/definitions/lessons",
  "definitions": {
    "lessons": {
      "type": "object",
      "properties": {
        "title": {
          "type": "string"
        },
        "description": {
          "type": "string"
        },
        "level": {
          "type": "string",
          "enum": [
            "débutant",
            "intermédiaire",
            "avancé"
          ]
        },
        "lesson_number": {
          "type": "number"
        },
        "duration": {
          "type": "string"
        },
        "objectives": {
          "type": "array",
          "items": {
            "type": "string"
          }
        },
        "vocabulary": {
          "type": "array",
          "items": {
            "type": "object",
            "properties": {
              "portuguese": {
                "type": "string"
              },
              "french": {
                "type": "string"
              },
              "pronunciation": {
                "type": "string"
              }
            },
            "required": [
              "portuguese",
              "french"
            ],
            "additionalProperties": false
          }
        },
        "grammar_points": {
          "type": "array",
          "items": {
            "type": "string"
          }
        },
        "$schema": {
          "type": "string"
        }
      },
      "required": [
        "title",
        "description",
        "level",
        "lesson_number",
        "duration",
        "objectives"
      ],
      "additionalProperties": false
    }
  },
  "$schema": "http://json-schema.org/draft-07/schema#"
}